{
    "P_engine": 90976.88292319165,
    "acc_grip_max": 13.243500000000001,
    "acc_limit": 4.370355,
    "c_drag": 0.26765200000000006,
    "c_roll": 0.016,
    "dec_limit": 9.932625,
    "mass": 1045,
    "name": "Peugeot 205 Gti RFS"
}